cat_id,cat_name,owner
5ubpPp3W,Oscar Meow,Alex Smith
KLUbVhQI,Fluffy Meow,John Miller
KEhOE9Mk,Tiger Whisker,Taylor Smith
ZD6Q1eTY,Shadow Ear,Taylor Garcia
PDycigVy,Mittens Fur,Morgan Williams
w166Sd6N,Simba Claw,Sam Davis
6RkW5RI2,Oscar Tail,Pat Garcia
pyymMYrv,Mittens Scratch,Taylor Garcia
77d6ViFu,Mittens Nose,Jane Doe
08YkJNgL,Chloe Scratch,Pat Johnson
oWJ2c2cf,Whiskers Fur,Jordan Smith
DCK7dB1p,Fluffy Claw,John Miller
tAwkm9pV,Oscar Meow,Alex Miller
xb3YSFrQ,Shadow Nose,John Brown
KjtHcuuP,Fluffy Claw,Taylor Brown
LsC4XVFP,Simba Whisker,John Garcia
SpKpU7fa,Tiger Ear,John Smith
YPwHY9AC,Tiger Scratch,Sam Brown
swqFw1Yc,Bella Whisker,Jordan Brown
zhQDxoqo,Mittens Meow,Jane Smith
4iKnNQLO,Whiskers Fur,Jordan Johnson
gTLvlFTQ,Mittens Nose,John Jones
x2PTuL5I,Simba Scratch,Alex Davis
fkX00nNv,Simba Meow,Taylor Williams
65rnPrUt,Chloe Whisker,Taylor Jones
PElY2kUs,Chloe Fur,John Garcia
99M305G3,Fluffy Fur,Jane Williams
d2M6f1rX,Tiger Ear,Alex Miller
ZaIsZ0Jh,Simba Claw,Morgan Jones
iMvkkdem,Whiskers Fur,Alex Brown
BWqW7lz1,Whiskers Tail,Jane Smith
5LR28ExM,Chloe Tail,Chris Johnson
Pfqx4YkF,Bella Ear,Taylor Davis
QE23p13r,Bella Paws,Jane Garcia
MKD6FoaL,Mittens Whisker,Chris Doe
udygUZH9,Oscar Fur,Alex Johnson
oBYqzXcb,Shadow Scratch,Morgan Johnson
etrveRrc,Shadow Paws,Jordan Brown
S0iUL2Aj,Bella Scratch,Jane Davis
OpLQaQdq,Whiskers Paws,John Doe
rdrQgRSh,Shadow Claw,Morgan Jones
y9cw07tF,Shadow Scratch,John Jones
2L11nQVD,Chloe Whisker,Taylor Doe
tmrjaUvB,Mittens Nose,Morgan Jones
2KfPEulh,Fluffy Whisker,Jane Jones
iKWsV5fZ,Chloe Paws,Jordan Garcia
VS6lrJpV,Tiger Nose,John Davis
LYidtVk4,Mittens Paws,Chris Smith
D0wlZMPj,Oscar Nose,Sam Garcia
4voU6nNY,Fluffy Nose,Alex Davis
WcDzWWiX,Shadow Tail,Jane Doe
nE7mGu2F,Bella Meow,Pat Garcia
Okrl8Pf1,Fluffy Whisker,Alex Davis
NTPWJ23i,Chloe Paws,John Johnson
b3Y01zIY,Oscar Scratch,Pat Miller
8aR5gXc2,Shadow Ear,Pat Doe
0rR17YgF,Bella Whisker,Morgan Williams
4qhNHS3A,Tiger Tail,Chris Miller
fiGXUOm3,Fluffy Meow,Pat Jones
yNSFCpVa,Tiger Scratch,Sam Doe
KHYnJUU7,Shadow Whisker,Jordan Miller
NaYFabvs,Shadow Nose,Pat Brown
i0KmUUSU,Shadow Meow,Jane Jones
ZLWrslHX,Mittens Meow,Morgan Miller
5paIyVPA,Mittens Meow,Chris Williams
KiGOxTRg,Bella Whisker,Alex Doe
5p3p2dmq,Fluffy Scratch,Morgan Jones
jgON7Zt5,Shadow Paws,Sam Davis
xX2MWoce,Fluffy Meow,Sam Miller
yQvmxqD9,Oscar Fur,Chris Williams
7BqDt5Nd,Whiskers Tail,Chris Jones
D3oiL274,Bella Meow,Alex Miller
QjIPQOTd,Bella Ear,Chris Davis
O1EIcMWB,Chloe Meow,Alex Garcia
kAgPWT9X,Oscar Meow,Taylor Smith
sYwh6Yw0,Mittens Meow,Jordan Johnson
lfjfiFiV,Oscar Nose,Chris Davis
6MzXPFiP,Simba Scratch,Sam Smith
vZTfLiaV,Oscar Nose,John Miller
r4M4WGWw,Chloe Meow,John Jones
UGc9uZPt,Shadow Ear,Sam Johnson
0j6To8yP,Oscar Tail,John Doe
qmeRSkov,Chloe Fur,Pat Smith
erjkBN4m,Simba Ear,John Smith
iWNfhROh,Shadow Scratch,Jordan Smith
ZO5GkfzO,Mittens Nose,Chris Miller
1rUz2olC,Shadow Claw,Sam Williams
e7v8K67Q,Chloe Ear,Taylor Garcia
CUI8HS1T,Chloe Fur,Sam Smith
8omygx7O,Oscar Fur,Chris Miller
bW34gC1i,Simba Claw,Pat Johnson
TXaVfWG0,Oscar Paws,Chris Davis
1BsDXU2f,Mittens Whisker,Sam Smith
PbVIVQkD,Simba Tail,Jane Williams
6mMA920R,Simba Claw,Jordan Doe
Xs3yYtK4,Fluffy Tail,Jane Garcia
bVnrWLXF,Chloe Nose,Jordan Smith
Xwp9zlFj,Chloe Meow,Jane Williams
iPeIWb67,Shadow Claw,Alex Garcia
vMD7VGRp,Shadow Scratch,Jordan Jones
